<?xml version="1.0" encoding="UTF-8"?><?xml-stylesheet type='text/xsl' href='_UpgradeReport_Files/UpgradeReport.xslt'?><UpgradeLog>
<Properties><Property Name="Solution" Value="FingerAppNet">
</Property><Property Name="Solution File" Value="C:\Project\PastWork\BiometricSDK\NetBiometric\FingerAppNet.sln">
</Property><Property Name="User Options File" Value="C:\Project\PastWork\BiometricSDK\NetBiometric\FingerAppNet.suo">
</Property><Property Name="Date" Value="26 March 2006">
</Property><Property Name="Time" Value="13:48">
</Property></Properties><Event ErrorLevel="0" Project="" Source="FingerAppNet.sln" Description="File successfully backed up as C:\Project\PastWork\BiometricSDK\NetBiometric\Backup\FingerAppNet.sln">
</Event><Event ErrorLevel="0" Project="" Source="FingerAppNet.suo" Description="File successfully backed up as C:\Project\PastWork\BiometricSDK\NetBiometric\Backup\FingerAppNet.suo">
</Event><Event ErrorLevel="0" Project="FingerAppNet" Source="FingerAppNet.csproj" Description="Project file successfully backed up as C:\Project\PastWork\BiometricSDK\NetBiometric\Backup\FingerAppNet.csproj">
</Event><Event ErrorLevel="0" Project="FingerAppNet" Source="FingerAppNet.csproj.user" Description="Project user file successfully backed up as C:\Project\PastWork\BiometricSDK\NetBiometric\Backup\FingerAppNet.csproj.user">
</Event><Event ErrorLevel="0" Project="FingerAppNet" Source="AssemblyInfo.cs" Description="File successfully backed up as C:\Project\PastWork\BiometricSDK\NetBiometric\Backup\AssemblyInfo.cs">
</Event><Event ErrorLevel="0" Project="FingerAppNet" Source="CFingerPrint.cs" Description="File successfully backed up as C:\Project\PastWork\BiometricSDK\NetBiometric\Backup\CFingerPrint.cs">
</Event><Event ErrorLevel="0" Project="FingerAppNet" Source="CFingerPrintGraphics.cs" Description="File successfully backed up as C:\Project\PastWork\BiometricSDK\NetBiometric\Backup\CFingerPrintGraphics.cs">
</Event><Event ErrorLevel="0" Project="FingerAppNet" Source="Form1.cs" Description="File successfully backed up as C:\Project\PastWork\BiometricSDK\NetBiometric\Backup\Form1.cs">
</Event><Event ErrorLevel="0" Project="FingerAppNet" Source="App.ico" Description="File successfully backed up as C:\Project\PastWork\BiometricSDK\NetBiometric\Backup\App.ico">
</Event><Event ErrorLevel="0" Project="FingerAppNet" Source="Form1.resx" Description="File successfully backed up as C:\Project\PastWork\BiometricSDK\NetBiometric\Backup\Form1.resx">
</Event><Event ErrorLevel="0" Project="FingerAppNet" Source="FingerAppNet.csproj" Description="Project converted successfully">
</Event><Event ErrorLevel="3" Project="FingerAppNet" Source="FingerAppNet.csproj" Description="Converted">
</Event><Event ErrorLevel="0" Project="" Source="FingerAppNet.sln" Description="Solution converted successfully">
</Event><Event ErrorLevel="3" Project="" Source="FingerAppNet.sln" Description="Converted">
</Event><Event ErrorLevel="0" Project="FingerAppNet" Source="FingerAppNet.csproj" Description="Scan complete: Upgrade not required for project files.">
</Event></UpgradeLog>